CENTROIDE,PALABRA,DISTANCIA
cañaris,agapantos,0.0927
cañaris,guayas,0.0872
cañaris,shio,0.1055
cañaris,coliseo,0.1079
cañaris,necesitamos,0.0938
cañaris,sarahurco,0.0849
cañaris,bububu,0.0899
cañaris,calle,0.0985
cañaris,denuncia,0.0906
cañaris,porchancay,0.0831
cañaris,samaniego,0.098
cañaris,majaderos,0.0924
cañaris,quillopungo,0.0725
cañaris,ayudarme,0.089
cañaris,macas,0.0815
cañaris,cartodromo,0.0883
cañaris,carpintería,0.0883
cañaris,patrullero,0.0816
cañaris,hablando,0.0925
cañaris,chilcapamba,0.0801
cañaris,chilcapamba,0.0803
cañaris,llamar,0.0889
cañaris,llamamos,0.0762
cañaris,pedregal,0.0837
cañaris,huaynacapac,0.0978
cañaris,jugar,0.0859
cañaris,sinincay,0.0854
cañaris,huaynacapac,0.0889
cañaris,gualaceo,0.1016
cañaris,zhumir,0.1147
cañaris,guachapala,0.0742
cañaris,policía,0.0844
cañaris,chilcapamba,0.0837
cañaris,cañarís,0.0744
cañaris,turuhuaico,0.081
cañaris,cañarís,0.0771
cañaris,volqueta,0.0846
cañaris,tomebamba,0.0902
cañaris,mosqueta,0.0907
cañaris,tránsito,0.0817
cañaris,cañarejo,0.0791
cañaris,sanquiquirinas,0.0927
cañaris,garaicoa,0.0898
cañaris,comunicarme,0.0775
cañaris,guaguas,0.0821
cañaris,aguarongo,0.0808
cañaris,rumiurca,0.0949
cañaris,quimsacocha,0.0818
cañaris,gualaceo,0.0828
cañaris,cuantas,0.0859
cañaris,pucamuro,0.0776
cañaris,cielal,0.0912
cañaris,rechichal,0.0783
cañaris,empanadas,0.0859
cañaris,tahuantinsuyo,0.0869
cañaris,vargas,0.0974
cañaris,sinincay,0.0813
cañaris,pedregal,0.0856
cañaris,catalinas,0.081
cañaris,agrediendo,0.084
cañaris,pichincha,0.0786
cañaris,italpsios,0.088
cañaris,cañaris,0.0764
cañaris,direcciones,0.0978
cañaris,resguardo,0.0813
cañaris,parqueado,0.0825
cañaris,paucarbamba,0.0854
cañaris,remigio,0.0913
cañaris,chiquintad,0.0743
cañaris,estacionados,0.095
cañaris,totoracocha,0.0804
cañaris,gratuita,0.0938
cañaris,quintacocha,0.0816
cañaris,miraflores,0.0916
cañaris,circunvalación,0.0898
cañaris,ricaurte,0.0924
cañaris,canñar,0.0725
cañaris,guaquillas,0.0807
cañaris,chantamarca,0.0767
cañaris,chaullalabamba,0.0856
cañaris,chaullabamba,0.082
cañaris,malguay,0.0992
cañaris,chirimoyas,0.0758
cañaris,drogando,0.0805
cañaris,chmborazo,0.0839
cañaris,cañar,0.0873
cañaris,sarahurco,0.0824
cañaris,pegaron,0.0842
cañaris,chaullabamba,0.0867
cañaris,chaullabamba,0.0868
cañaris,gritos,0.1217
cañaris,gualalcay,0.087
cañaris,carpinteria,0.0797
cañaris,ingapirca,0.0879
cañaris,remigio,0.0913
cañaris,robando,0.0919
cañaris,canchas,0.0876
cañaris,guandun,0.0923
cañaris,challuabamba,0.0833
cañaris,tarqui,0.0965
cañaris,pichincha,0.0851
cañaris,gualaceo,0.0919
cañaris,guachapala,0.0769
cañaris,antiplano,0.0921
cañaris,llamado,0.0752
cañaris,rumiurco,0.0864
cañaris,ayudarme,0.0849
cañaris,marañón,0.0819
cañaris,yanaurco,0.0785
cañaris,armenillas,0.0833
cañaris,basura,0.0931
cañaris,cañal,0.0791
cañaris,jalupata,0.0813
cañaris,tumbuwayco,0.0781
cañaris,quinjeo,0.0843
cañaris,chasquis,0.0951
cañaris,saritumas,0.0905
cañaris,paccha,0.0935
cañaris,ingapicarca,0.0859
cañaris,pichincha,0.0808
cañaris,shapacal,0.089
cañaris,rodando,0.0932
cañaris,caleras,0.0831
cañaris,uncovia,0.1085
cañaris,rumiñahui,0.088
cañaris,parculoma,0.0883
cañaris,pichincha,0.0848
cañaris,ornapala,0.1054
cañaris,pacha,0.0959
cañaris,muñoz,0.0922
cañaris,cañaris,0.0724
cañaris,tecnociclo,0.0948
cañaris,pidiendo,0.0799
cañaris,chilcapamba,0.0791
cañaris,ambulancia,0.0856
cañaris,esquinas,0.0867
cañaris,cochancay,0.0763
cañaris,resguardo,0.0828
cañaris,placas,0.1011
cañaris,tuneados,0.1027
cañaris,quemando,0.0855
cañaris,sinincay,0.0818
cañaris,indíqueme,0.0962
cañaris,hidropaute,0.0942
cañaris,subidita,0.0932
cañaris,azogues,0.0885
cañaris,miwir,0.1135
cañaris,huayna,0.0906
cañaris,encalada,0.0945
cañaris,guarango,0.0796
cañaris,cañaris,0.0752
cañaris,franciscocisneros,0.0902
cañaris,cedron,0.109
cañaris,azusenas,0.0855
cañaris,escalinatas,0.0864
cañaris,pumapungo,0.0845
cañaris,guiburgos,0.0871
hablando,peleando,0.0751
hablando,enviar,0.0743
hablando,policia,0.0803
hablando,buscando,0.0823
hablando,problema,0.0907
hablando,auxilio,0.0845
hablando,tratando,0.0813
hablando,enfermedad,0.0822
hablando,policia,0.0808
hablando,robando,0.0799
hablando,descanso,0.0767
hablando,insultando,0.0826
hablando,pueda,0.0781
hablando,molestando,0.08
hablando,buscando,0.0867
hablando,pegando,0.0732
hablando,turuhaico,0.0861
hablando,rastreando,0.0743
hablando,iglesia,0.0855
hablando,gritando,0.0935
hablando,cuidando,0.063
hablando,congestionado,0.0849
hablando,reporte,0.0853
hablando,siempre,0.0717
hablando,conduciendo,0.0736
hablando,reanimación,0.0751
hablando,hablar,0.0867
hablando,conduciendo,0.0768
hablando,adentro,0.0795
hablando,autorización,0.0754
hablando,manejando,0.0811
hablando,llamada,0.0752
hablando,gritando,0.076
hablando,universidad,0.0847
hablando,pidiendo,0.0888
hablando,ibuprofeno,0.0776
hablando,tapando,0.0918
hablando,comunidad,0.0774
hablando,pidiendo,0.0706
hablando,minuto,0.0887
hablando,llamamos,0.0759
hablando,epilepsia,0.0781
hablando,acostado,0.0814
hablando,confundida,0.0784
hablando,peleando,0.0826
hablando,colegio,0.0846
hablando,denuncia,0.0814
hablando,pregunta,0.0703
hablando,convulsionó,0.0736
hablando,ciudadela,0.0886
hablando,chiquintad,0.076
hablando,interrumpiendo,0.0714
hablando,problema,0.0746
hablando,ayudarle,0.0749
hablando,policía,0.0758
hablando,departamento,0.0804
hablando,comunicarle,0.0744
hablando,vulcanizadora,0.0839
hablando,vigilancia,0.0825
hablando,detencion,0.0887
hablando,manejando,0.0701
hablando,minutos,0.0825
hablando,inflamados,0.0851
hablando,averiguamos,0.0738
hablando,esperando,0.0711
hablando,enfermedad,0.0831
hablando,peleando,0.0844
hablando,desmayado,0.0898
hablando,alfonso,0.0817
hablando,nuevamente,0.0851
hablando,invadiendo,0.0779
hablando,paciente,0.0768
hablando,traumatismo,0.0794
hablando,sertralina,0.0951
hablando,solicitando,0.0683
hablando,etapa,0.0846
hablando,ladrón,0.08
hablando,direccion,0.089
hablando,golpeando,0.0762
hablando,disculpas,0.0769
hablando,favorsazo,0.0765
hablando,pleito,0.0758
hablando,maltratando,0.0835
hablando,ocho,0.0853
hablando,buscando,0.0717
hablando,perdido,0.0873
hablando,convulsionando,0.0745
hablando,saludando,0.0733
hablando,geriátrica,0.0759
hablando,denuncia,0.0769
hablando,atienden,0.0755
hablando,robando,0.0784
hablando,justamente,0.0995
hablando,drogando,0.0812
hablando,quemándose,0.0761
hablando,paciente,0.084
hablando,ubicando,0.0733
hablando,llamadas,0.0848
hablando,viniendo,0.0728
hablando,problema,0.0902
hablando,taxista,0.0835
hablando,informando,0.0755
hablando,escapando,0.0778
hablando,denuncia,0.0716
hablando,ayude,0.0817
hablando,denuncia,0.079
hablando,tiempo,0.08
hablando,pegando,0.0763
hablando,indiqueme,0.0872
hablando,ananasqui,0.0869
hablando,prohibido,0.0888
hablando,resguardo,0.0903
hablando,sucede,0.0845
hablando,verdad,0.0869
hablando,agradezco,0.0793
hablando,esperando,0.0768
hablando,llegando,0.089
hablando,mandando,0.0708
hablando,ruidos,0.0823
hablando,captura,0.0875
hablando,denuncia,0.0736
hablando,denunciar,0.0851
hablando,entra,0.0788
hablando,policías,0.0733
hablando,unido,0.0863
hablando,entrado,0.0775
hablando,llevando,0.0694
hablando,parqueado,0.0738
hablando,posible,0.0954
hablando,santillana,0.0837
hablando,vienen,0.083
hablando,agua,0.0904
hablando,denuncia,0.0804
hablando,emergenci,0.0736
hablando,llamada,0.0773
hablando,trabajando,0.0782
hablando,comunicarle,0.0732
hablando,afuera,0.0818
hablando,teléfono,0.0748
hablando,mañana,0.073
hablando,llorando,0.075
hablando,herido,0.0951
hablando,incendio,0.0889
hablando,denuncia,0.0714
hablando,bajando,0.0765
hablando,compañero,0.0799
hablando,informar,0.0909
hablando,diciendo,0.0712
hablando,desmayada,0.0866
hablando,agrediendo,0.0766
hablando,gentileza,0.0728
hablando,computadora,0.0778
hablando,clínica,0.0799
hablando,sientiendo,0.0855
hablando,peleando,0.0687
hablando,rastreando,0.0634
hablando,robando,0.0755
hablando,problema,0.0835
hablando,denunciar,0.0777
hablando,llamada,0.0712
hablando,progreso,0.0738
hablando,escucha,0.0708
hablando,arritmia,0.0834
hablando,decirle,0.09
hablando,entraron,0.0656
hablando,torpinñac,0.0763
hablando,fumando,0.0799
hablando,conduciendo,0.0724
hablando,sospechoso,0.0852
hablando,drogandose,0.0829
hablando,parado,0.0789
hablando,incendio,0.0886
hablando,preocuoe,0.0817
hablando,facilitar,0.0809
hablando,ladron,0.0817
hablando,pidiendo,0.0791
hablando,llamar,0.0785
hablando,peleando,0.0806
hablando,policia,0.0866
hablando,accidente,0.0822
hablando,inundando,0.0827
hablando,tranquilo,0.0941
hablando,dirigiendo,0.0799
hablando,necesitamos,0.0852
hablando,alarma,0.0762
hablando,tarde,0.0852
hablando,direcciones,0.0756
hablando,sospechoso,0.0867
hablando,golpeando,0.0759
hablando,quisas,0.0745
hablando,agrediendo,0.0777
hablando,puerta,0.0858
hablando,estimado,0.0887
hablando,robando,0.0895
hablando,problema,0.0797
hablando,denunciar,0.0713
hablando,peleando,0.077
hablando,incendio,0.0865
hablando,esperando,0.0869
hablando,accidente,0.069
hablando,atiendo,0.0689
hablando,sufriendo,0.0838
hablando,urgencia,0.0766
hablando,siempre,0.0844
hablando,incendio,0.0889
hablando,diablillos,0.0798
hablando,insultando,0.0864
hablando,favorsaso,0.0793
hablando,sospecha,0.0816
hablando,emergcencia,0.0748
hablando,primero,0.0746
hablando,enviar,0.0728
hablando,dormir,0.0805
hablando,choque,0.0855
hablando,necesitamos,0.0685
hablando,nuevamente,0.0747
hablando,drogado,0.0809
hablando,gencia,0.0808
hablando,compañero,0.0725
hablando,molestando,0.075
hablando,inconsciente,0.0834
hablando,santamaria,0.0828
hablando,veces,0.0778
hablando,espiando,0.0754
hablando,dormir,0.0791
hablando,urgencia,0.0717
hablando,quejando,0.0798
hablando,hablando,0.0831
hablando,parqueadero,0.085
hablando,bebiendo,0.0811
hablando,policías,0.0723
hablando,enseguida,0.0793
hablando,tomando,0.073
hablando,jovenes,0.0816
hablando,esperaban,0.0716
hablando,sospechosas,0.0781
hablando,bajando,0.0756
hablando,teléfono,0.0785
hablando,ambulantes,0.0819
hablando,insultando,0.079
hablando,bebiendo,0.0761
hablando,saraurco,0.0716
hablando,despejando,0.086
hablando,llamada,0.0852
hablando,subiendo,0.0803
hablando,incendio,0.0832
hablando,maltratando,0.0797
hablando,llevarle,0.0732
hablando,envíen,0.0699
hablando,esposo,0.0927
hablando,interrumpida,0.0811
hablando,llamandole,0.0885
hablando,buscando,0.0792
hablando,sospechoso,0.0816
hablando,casa,0.0825
hablando,fumando,0.0753
hablando,domingo,0.0814
hablando,necesitamos,0.0746
hablando,robando,0.0741
hablando,gencia,0.0829
hablando,tarde,0.0749
hablando,hablando,0.0616
hablando,policia,0.0781
hablando,indiqueme,0.0904
hablando,incendiando,0.0756
hablando,incendiando,0.0843
hablando,contacto,0.083
hablando,fumando,0.0877
hablando,uchupucul,0.0788
hablando,urgencia,0.0665
hablando,llamada,0.0785
hablando,compañero,0.0684
hablando,policlínico,0.0695
hablando,drogados,0.0826
hablando,drogadicto,0.0851
hablando,justamente,0.0833
hablando,llamada,0.0819
hablando,robando,0.0784
hablando,drogado,0.0787
hablando,alguna,0.0842
hablando,jovenes,0.081
hablando,incendio,0.0893
hablando,pasando,0.0687
hablando,escandalo,0.0833
hablando,domicilio,0.0777
hablando,número,0.0747
hablando,informarle,0.0804
hablando,autorización,0.0749
hablando,ansiedad,0.0782
hablando,vendiendo,0.0742
hablando,llamaron,0.0817
hablando,intersección,0.0793
hablando,bebiendo,0.0859
hablando,pegarle,0.0693
hablando,primero,0.0697
hablando,robado,0.078
hablando,lizandro,0.0831
hablando,abriendo,0.0824
hablando,robando,0.0826
hablando,entraron,0.0788
hablando,denuncia,0.0842
hablando,llamada,0.0808
hablando,denunciar,0.078
hablando,bastantes,0.0839
hablando,llamamos,0.0896
hablando,paramedico,0.086
hablando,agresivo,0.0835
hablando,demanda,0.0761
hablando,informar,0.0778
hablando,policía,0.0842
hablando,mandando,0.0805
hablando,durmiendo,0.0812
hablando,gritando,0.0752
hablando,pasando,0.0725
hablando,parece,0.0782
hablando,quiero,0.0823
hablando,desesperado,0.0777
hablando,disturbio,0.0834
hablando,escucha,0.0773
hablando,pasando,0.0727
hablando,gritando,0.0733
hablando,comunicando,0.0665
hablando,hurtado,0.0856
hablando,escucho,0.0806
hablando,shishiquin,0.081
hablando,convulcionando,0.0696
hablando,enseguida,0.0951
hablando,subteniente,0.086
hablando,bajando,0.0741
hablando,reconstruyendo,0.0756
hablando,pidiendo,0.0717
hablando,compañero,0.0684
hablando,esperando,0.0766
hablando,alarma,0.0749
hablando,accidente,0.0773
hablando,dígame,0.0767
hablando,incendiando,0.0738
hablando,vendiendo,0.0743
hablando,ladrones,0.0849
hablando,accidente,0.0649
hablando,enseguida,0.0777
hablando,adolescentes,0.0827
hablando,escuela,0.0769
hablando,policía,0.0642
hablando,mañana,0.0762
hablando,enseguida,0.0696
hablando,amenazando,0.08
hablando,convulsionar,0.0739
hablando,llamamos,0.0721
hablando,siguiendo,0.0746
hablando,pedirles,0.0815
hablando,siempre,0.0926
hablando,permiso,0.0767
hablando,hablando,0.0712
hablando,talando,0.0803
hablando,compadecencia,0.0757
hablando,discúlpeme,0.0788
hablando,subiendo,0.09
hablando,escuchando,0.0669
hablando,llevarle,0.0797
hablando,pidiendo,0.0787
hablando,ayudando,0.0685
hablando,robado,0.0928
hablando,ayudarme,0.0835
hablando,siempre,0.0721
hablando,caballero,0.0761
hablando,entrando,0.0763
hablando,conduciendo,0.0824
hablando,direccion,0.0823
hablando,mañana,0.0808
hablando,siguiendo,0.0706
hablando,esperando,0.0643
parqueadero,gasolinera,0.0783
parqueadero,troncaleña,0.0868
parqueadero,ratito,0.0868
parqueadero,calles,0.0877
parqueadero,pichincha,0.0929
parqueadero,mañana,0.0807
parqueadero,patrullero,0.0822
parqueadero,horario,0.0825
parqueadero,vehículo,0.0612
parqueadero,resguardo,0.0949
parqueadero,patrullero,0.0765
parqueadero,parqueado,0.0672
parqueadero,estacionados,0.0739
parqueadero,tarde,0.0781
parqueadero,coches,0.0762
parqueadero,taxista,0.0891
parqueadero,estacionado,0.0796
parqueadero,camioneta,0.0794
parqueadero,catadería,0.0821
parqueadero,estaciona,0.0708
parqueadero,estadio,0.0824
parqueadero,algún,0.0806
parqueadero,cañaris,0.0808
parqueadero,embotellados,0.0766
parqueadero,arízaga,0.0846
parqueadero,carro,0.0801
parqueadero,patrulleros,0.0813
parqueadero,borracho,0.0845
parqueadero,camión,0.0773
parqueadero,semáforo,0.0778
parqueadero,estaacionado,0.0668
parqueadero,retorno,0.0785
parqueadero,camioneta,0.0785
parqueadero,parqueadero,0.0608
parqueadero,parqueado,0.0669
parqueadero,estacionar,0.0682
parqueadero,patrullero,0.0723
parqueadero,tapando,0.0817
parqueadero,vehículo,0.0672
parqueadero,parqueadero,0.0811
parqueadero,placas,0.0788
parqueadero,parquecito,0.0819
parqueadero,estacionado,0.0712
parqueadero,quemándose,0.0889
parqueadero,urgencia,0.0829
parqueadero,estacionado,0.0793
parqueadero,talleres,0.086
parqueadero,pegado,0.0783
parqueadero,cementerio,0.0864
parqueadero,estacionado,0.0716
parqueadero,furgoneta,0.0789
parqueadero,comisión,0.0777
parqueadero,bomberos,0.077
parqueadero,denunciarle,0.0759
parqueadero,estacionan,0.0742
parqueadero,lavadora,0.0796
parqueadero,parqueado,0.0761
parqueadero,durmiendo,0.0713
parqueadero,estacionado,0.0786
parqueadero,vehículo,0.0596
parqueadero,patrullero,0.0814
parqueadero,corchando,0.073
parqueadero,parqueado,0.0648
parqueadero,tomando,0.0853
parqueadero,rodasdetras,0.0707
parqueadero,garaje,0.0817
parqueadero,generador,0.087
parqueadero,direcciones,0.0681
parqueadero,accesorios,0.0679
parqueadero,parqueado,0.0779
parqueadero,pichincha,0.0889
parqueadero,patrullero,0.0806
parqueadero,algún,0.0757
parqueadero,parqueado,0.0707
parqueadero,parqueado,0.0637
parqueadero,resguardo,0.0831
parqueadero,traslado,0.0809
parqueadero,estacionados,0.0725
parqueadero,agosto,0.0892
parqueadero,patrullaje,0.0805
parqueadero,pronto,0.0845
parqueadero,heridos,0.0803
parqueadero,patrullero,0.0812
parqueadero,esperando,0.0808
parqueadero,carretas,0.0795
parqueadero,sumergencia,0.0825
parqueadero,teléfono,0.0888
parqueadero,envienme,0.0845
parqueadero,patrullaje,0.0775
parqueadero,resguardo,0.091
parqueadero,parado,0.0763
parqueadero,gasolinera,0.0783
parqueadero,accidentaron,0.072
parqueadero,cementerio,0.0794
parqueadero,llevando,0.0603
parqueadero,carros,0.0761
parqueadero,camionsito,0.0763
parqueadero,parqueadero,0.077
parqueadero,estacionar,0.0674
parqueadero,llamado,0.0728
parqueadero,parqueadero,0.0755
parqueadero,mendoza,0.0811
parqueadero,amabilidad,0.0904
parqueadero,parqueadero,0.0569
parqueadero,parqueadero,0.073
parqueadero,relajo,0.0832
parqueadero,taxista,0.0839
parqueadero,calle,0.0972
parqueadero,parqueado,0.079
parqueadero,guardachoques,0.0798
parqueadero,patrulla,0.0826
parqueadero,matriculación,0.0792
parqueadero,patrullaje,0.0805
parqueadero,gasolinera,0.0876
parqueadero,etapa,0.088
parqueadero,estacionados,0.0791
parqueadero,choferes,0.085
parqueadero,llamamos,0.0897
parqueadero,herido,0.0875
parqueadero,esquinas,0.0921
parqueadero,placas,0.0842
parqueadero,estero,0.0931
parqueadero,parqueados,0.0646
parqueadero,patrullero,0.0813
parqueadero,ayudarme,0.0765
parqueadero,taximetro,0.0833
parqueadero,patrullaje,0.0766
parqueadero,accidente,0.0884
parqueadero,gasolinera,0.0783
parqueadero,cementerio,0.0779
parqueadero,trafico,0.0739
parqueadero,patrullaje,0.0798
parqueadero,verde,0.0916
parqueadero,accidente,0.094
parqueadero,bomberos,0.0833
parqueadero,placas,0.0849
parqueadero,batallón,0.0865
parqueadero,troncaleña,0.0831
parqueadero,bebiendo,0.0857
parqueadero,podría,0.0808
parqueadero,parque,0.0819
parqueadero,denuncia,0.0801
parqueadero,puentes,0.0923
parqueadero,vehiculo,0.0653
parqueadero,atropellado,0.0813
parqueadero,calles,0.0756
parqueadero,accidente,0.0788
parqueadero,choque,0.0831
parqueadero,vulcanizadora,0.1004
parqueadero,parqueadero,0.0684
parqueadero,retroexcavadora,0.0857
parqueadero,resguardo,0.0778
parqueadero,camión,0.0778
parqueadero,choques,0.0945
parqueadero,accidente,0.0692
parqueadero,ecuatoriano,0.0832
parqueadero,patrullero,0.0809
parqueadero,chocaron,0.0809
parqueadero,edificio,0.0752
parqueadero,calle,0.0876
parqueadero,patrulleros,0.0823
parqueadero,patrullero,0.0705
parqueadero,patrullero,0.0916
parqueadero,patrullero,0.0916
parqueadero,relajo,0.0832
parqueadero,placas,0.0842
parqueadero,sospechosos,0.0832
parqueadero,patrullero,0.0845
parqueadero,patrullero,0.0813
parqueadero,estacionados,0.0672
parqueadero,venir,0.0819
parqueadero,escuchamos,0.087
parqueadero,direcciones,0.0861
caballero,carajo,0.0787
caballero,verguel,0.081
caballero,coordinar,0.0852
caballero,patrullaje,0.0781
caballero,escandalo,0.0822
caballero,legarda,0.0819
caballero,ciudadela,0.0852
caballero,cenaculo,0.0787
caballero,subtenientevillacias,0.0917
caballero,yanaurco,0.0797
caballero,patrullaje,0.0823
caballero,ochoa,0.0778
caballero,fajardo,0.0846
caballero,jefe,0.0929
caballero,gualaceo,0.0832
caballero,gastritis,0.0837
caballero,merchan,0.0902
caballero,cervantes,0.083
caballero,ayúdenme,0.0912
caballero,sospechosa,0.0875
caballero,estropeando,0.0848
caballero,vayas,0.0977
caballero,puntilla,0.0928
caballero,checa,0.0745
caballero,patrullero,0.0954
caballero,berrezueta,0.0876
caballero,borracho,0.0876
caballero,crespo,0.0938
caballero,urgencia,0.0806
caballero,pudiera,0.0856
caballero,ebrio,0.0862
caballero,redondel,0.0894
caballero,conchadevino,0.0897
caballero,javeriano,0.0946
caballero,policia,0.0843
caballero,maldonado,0.0851
caballero,suquitan,0.0797
caballero,podrá,0.0855
caballero,taxista,0.0839
caballero,carretilleros,0.0847
caballero,lamotricina,0.085
caballero,puntilla,0.0865
caballero,abuelita,0.0893
caballero,ordóñez,0.0808
caballero,caballero,0.0691
caballero,manejando,0.0807
caballero,joaquín,0.0867
caballero,cordero,0.0777
caballero,caballero,0.0838
caballero,tomando,0.0921
caballero,patrullaje,0.0893
caballero,ciudadela,0.074
caballero,pelea,0.0808
caballero,berrezueta,0.0795
caballero,podría,0.0844
caballero,bocatis,0.0961
caballero,héroes,0.0814
caballero,chagladán,0.0867
caballero,borrachos,0.088
caballero,vázquez,0.0791
caballero,semáforo,0.0854
caballero,salchipapas,0.0845
caballero,candela,0.0869
caballero,tablón,0.0877
caballero,loja,0.0929
caballero,verdeloma,0.0923
caballero,berrezueta,0.0881
caballero,cerdo,0.0894
caballero,caballero,0.0739
caballero,insistentes,0.0836
caballero,calles,0.0785
caballero,alcantarillado,0.0731
caballero,patrulla,0.0795
caballero,caballero,0.0686
caballero,ciudadela,0.0798
caballero,nocierto,0.0847
caballero,jacaranda,0.0876
caballero,culubiche,0.0839
caballero,alamos,0.0854
caballero,ciudadela,0.0801
caballero,chaqueta,0.0849
caballero,josefina,0.0943
caballero,checa,0.0812
caballero,checa,0.0833
caballero,patrullero,0.0829
caballero,patrullaje,0.0754
caballero,motociclista,0.0813
caballero,guatana,0.0912
caballero,ordoñez,0.0893
caballero,patrullero,0.0738
caballero,guaguito,0.0762
caballero,checa,0.0838
caballero,zhiminaycela,0.0833
caballero,señito,0.0756
caballero,pescueso,0.0826
caballero,ciudadela,0.0798
caballero,ayudarme,0.0989
caballero,amarillo,0.0911
caballero,jerusalén,0.086
caballero,casaca,0.0805
caballero,cañerico,0.076
caballero,robando,0.1043
caballero,guachapala,0.0728
caballero,sargento,0.0853
caballero,asareto,0.0804
caballero,quezada,0.0858
caballero,conquistador,0.0803
caballero,caballero,0.0738
caballero,sayausi,0.0947
caballero,bolívar,0.082
caballero,denuncia,0.0923
caballero,llegando,0.0847
caballero,rescate,0.0796
caballero,sarmiento,0.0855
caballero,ordoñez,0.0878
caballero,pollos,0.0791
caballero,ficha,0.0862
caballero,pirotecnicos,0.0758
caballero,patrullero,0.0743
caballero,redondel,0.0929
caballero,combulsiones,0.0802
caballero,diablillos,0.0831
caballero,jefecito,0.0773
caballero,transportar,0.0874
caballero,caballero,0.0726
caballero,borrachos,0.0853
caballero,patrulla,0.0864
caballero,dolorosa,0.0992
caballero,olimpo,0.0767
caballero,jorguito,0.0764
caballero,esquinas,0.0947
caballero,esmeraldas,0.079
caballero,fineza,0.0806
caballero,abuelita,0.0818
caballero,cerveza,0.0882
caballero,morocho,0.0819
caballero,bahuanchi,0.0803
caballero,colombianos,0.0731
caballero,ladrones,0.0888
caballero,alfonso,0.0862
caballero,patrullero,0.0901
caballero,alfarero,0.0899
caballero,caballero,0.0766
caballero,cordero,0.0855
caballero,caballero,0.0695
caballero,camiseta,0.0896
caballero,ingenio,0.0839
caballero,otero,0.0813
caballero,minutos,0.0777
caballero,gasolina,0.0804
caballero,venezuelaicardo,0.0889
caballero,cordero,0.0787
caballero,patrulla,0.0831
caballero,decirme,0.0881
caballero,trigueño,0.0804
caballero,aguirre,0.0874
caballero,coordinando,0.0824
caballero,pochos,0.0799
caballero,patrullero,0.0775
caballero,dinapen,0.0866
caballero,cordero,0.0857
caballero,borrachos,0.0828
caballero,bonilla,0.0798
caballero,carretero,0.0724
caballero,calles,0.1
caballero,chiquintan,0.0765
caballero,denuncias,0.0746
caballero,hablando,0.079
caballero,gómez,0.0953
caballero,curaray,0.077
caballero,llamada,0.0862
caballero,borrero,0.0796
caballero,camiseta,0.0809
caballero,obstruyendo,0.0847
caballero,patrullero,0.0746
caballero,ciudadela,0.0912
caballero,dolorosa,0.0949
caballero,patrullero,0.0845
caballero,patrullero,0.0796
caballero,sintetica,0.0937
caballero,taxista,0.0831
caballero,patrullero,0.0768
caballero,patamarca,0.091
caballero,cordero,0.0831
caballero,votar,0.0863
ambulancia,ambulancia,0.0849
ambulancia,ambulancia,0.0621
ambulancia,ambulancia,0.0507
ambulancia,ambulancia,0.0508
ambulancia,ambulancia,0.0752
ambulancia,ambulancia,0.0659
ambulancia,ambulancia,0.0511
ambulancia,ambulancia,0.082
ambulancia,ambulancia,0.0792
ambulancia,ambulancia,0.0779
ambulancia,ambulancia,0.0652
ambulancia,ambulancia,0.0653
ambulancia,ambulancia,0.0702
ambulancia,ambulancia,0.0595
ambulancia,urgencia,0.0675
ambulancia,ambulancia,0.0792
ambulancia,ambulancia,0.0674
ambulancia,ambulancia,0.0478
ambulancia,ambulancia,0.0857
ambulancia,ambulancia,0.0697
ambulancia,ambulancia,0.0513
ambulancia,ambulancia,0.0547
ambulancia,urgencia,0.0905
ambulancia,ambulancia,0.0764
ambulancia,ambulancia,0.0657
ambulancia,ambulancia,0.0773
ambulancia,ambulancia,0.0497
ambulancia,ambulancia,0.0733
ambulancia,ambulancia,0.0525
ambulancia,ambulancia,0.0644
ambulancia,ambulancia,0.0768
ambulancia,ambulancia,0.0505
ambulancia,ambulancia,0.056
ambulancia,ambulancia,0.0448
ambulancia,sucede,0.0776
ambulancia,ambulancia,0.0578
ambulancia,ambulancia,0.0534
ambulancia,accidente,0.0843
ambulancia,accidente,0.0786
ambulancia,ambulancia,0.077
ambulancia,ambulancia,0.0642
ambulancia,ambulancia,0.0478
ambulancia,ambulancia,0.0537
ambulancia,ambulancia,0.0627
ambulancia,ambulancia,0.0767
ambulancia,ambulancia,0.0511
ambulancia,ambulancia,0.0645
ambulancia,ambulancia,0.068
ambulancia,ambulancia,0.0586
ambulancia,ambulancia,0.0776
ambulancia,accidente,0.0756
ambulancia,ambulancia,0.0664
ambulancia,ambulancia,0.0758
ambulancia,queremos,0.0762
ambulancia,ambulancia,0.0463
ambulancia,ambulancia,0.0629
ambulancia,emergencias,0.08
ambulancia,ambulancia,0.0465
ambulancia,ambulancia,0.0716
ambulancia,ambulancia,0.0496
ambulancia,atropello,0.0772
ambulancia,ambulancia,0.0411
ambulancia,ambulancia,0.0524
ambulancia,ambulancia,0.0768
ambulancia,ambulancia,0.0712
ambulancia,ambulancia,0.0594
ambulancia,ambulancia,0.0645
ambulancia,ambulancia,0.0684
ambulancia,ambulancia,0.0732
ambulancia,ambulancia,0.0542
ambulancia,ambulancia,0.069
ambulancia,ambulancia,0.0718
ambulancia,ambulancia,0.0665
ambulancia,ambulancia,0.0416
ambulancia,ambulancia,0.0705
ambulancia,ambulancia,0.0537
ambulancia,inconveniente,0.07
ambulancia,ambulancia,0.0638
ambulancia,alarma,0.0822
ambulancia,ambulancia,0.0552
ambulancia,ambulancia,0.0573
ambulancia,ambulancia,0.046
ambulancia,ambulancia,0.0461
ambulancia,ambulancia,0.0418
ambulancia,alarma,0.0884
ambulancia,ambulancia,0.0655
ambulancia,ambulancia,0.0724
ambulancia,ambulancia,0.0755
ambulancia,gasolinera,0.0962
ambulancia,ambulancia,0.0771
ambulancia,ambulancia,0.0557
ambulancia,ambulancia,0.0695
ambulancia,ambulancia,0.0691
ambulancia,ambulancia,0.0481
ambulancia,accidente,0.0804
ambulancia,ambulancia,0.0671
